ano,mes,dia,temp,radiacao,umidade,chuva,vento
2011,5,27,25.1300978179,183.388261851,74.2540255831,0,0
2011,5,28,22.3946388889,125.6444444444,82.7979861111,0,0
2011,5,29,24.2391458333,176.39375,78.1435416667,0,0
2011,5,30,26.4983333333,182.2173611111,68.2047916667,0,0
2011,5,31,26.0087430556,163.5979166667,66.2194444444,0,0
2011,6,1,25.2099097222,182.6194444444,64.2241666667,0,0
2011,6,2,25.4956527778,194.7159722222,58.9348611111,0,0
2011,6,3,26.1554791667,184.3673611111,59.3607638889,0,0
2011,6,4,25.6077152778,183.4402777778,62.6239583333,0,0
2011,6,5,24.4364861111,188.7666666667,61.9897222222,0,0
2011,6,6,26.7929444444,187.4166666667,54.2298611111,0,0
2011,6,7,28.1794652778,188.6076388889,54.72,0,0
2011,6,8,28.012375,171.2583333333,66.7845138889,0,0
2011,6,9,27.7587986111,137.2319444444,65.8248611111,0.0093055556,0.0015972222
2011,6,10,22.2457569444,75.9069444444,91.3446527778,0.0009722222,0
2011,6,11,24.4165902778,164.7048611111,80.9053472222,0,0
2011,6,12,25.7226111111,189.0881944444,74.4456944444,0,0
2011,6,13,26.9779097222,189.8409722222,65.1209027778,0,0
2011,6,14,26.1894166667,194.5347222222,62.8092361111,0,0
2011,6,15,27.3417847222,164.4208333333,56.8879861111,0,0
2011,6,16,27.6887986111,183.8631944444,56.8818055556,0,0
2011,6,17,28.0474027778,190.3340277778,57.9884722222,0,0
2011,6,18,27.6487430556,186.3326388889,56.3395138889,0,0
2011,6,19,27.0269930556,193.4736111111,55.5151388889,0,0
2011,6,20,27.8135972222,190.6756944444,56.908125,0,0
2011,6,21,28.3142013889,187.9798611111,52.9974305556,0,0
2011,6,22,28.0209444444,191.1326388889,50.8626388889,0.0248611111,0
2011,6,23,27.1151041667,190.2777777778,54.6557638889,0,0
2011,6,24,25.4171111111,163.35625,71.4510416667,0,0
2011,6,25,25.9920902778,167.2930555556,72.1782638889,0,0
2011,6,26,17.5232013889,60.5402777778,79.6580555556,0.0004166667,0
2011,6,27,15.6045763889,187.5784722222,67.5668055556,0,0
2011,6,28,19.0146527778,184.1493055556,63.5983333333,0,0
2011,6,29,23.9270208333,180.4222222222,64.0063194444,0,0
2011,6,30,26.5553611111,187.1409722222,60.1992361111,0,0
2011,7,1,26.5552013889,184.3666666667,66.5195833333,0,0
2011,7,2,19.9803263889,51.2805555556,90.1203472222,0,0
2011,7,3,16.6143125,36.98125,93.8149305556,0.0001388889,0
2011,7,4,15.3126180556,56.1756944444,87.5101388889,0,0
2011,7,5,19.899375,190.65625,75.4907638889,0,0
2011,7,6,23.2885763889,189.3715277778,67.27625,0,0
2011,7,7,23.6400208333,187.9583333333,66.4260416667,0,0
2011,7,8,24.0412083333,186.8583333333,64.8234027778,0,0
2011,7,9,26.1249583333,193.4138888889,56.1344444444,0,0
2011,7,10,28.5025277778,180.2104166667,48.6394444444,0,0
2011,7,11,28.2800416667,165.25625,56.4371527778,0,0
2011,7,12,28.8692291667,188.9722222222,48.7188194444,0,0
2011,7,13,28.6212083333,174.8791666667,50.0506944444,0,0
2011,7,14,27.6114861111,192.4729166667,42.8986111111,0,0
2011,7,15,27.8358263889,195.3791666667,38.2597222222,0,0
2011,7,16,28.2405555556,167.1194444444,40.8434027778,0,0
2011,7,17,29.0019097222,182.7944444444,48.3122222222,0,0
2011,7,18,29.1819791667,181.9847222222,52.5840277778,0,0
2011,7,19,28.4876180556,164.3604166667,57.8279861111,0,0
2011,7,20,30.1117569444,175.4986111111,49.7205555556,0,0
2011,7,21,28.5011041667,163.4631944444,54.3401388889,0,0
2011,7,22,20.1401180556,52.0479166667,88.0473611111,0,0
2011,7,23,22.0440763889,136.575,83.1471527778,0.0001388889,0
2011,7,24,25.5303194444,198.0881944444,61.5768055556,0,0
2011,7,25,27.4848472222,200.3923611111,45.2943055556,0,0
2011,7,26,28.6270763889,196.9944444444,43.1227083333,0,0
2011,7,27,28.5232398317,203,38.8608695652,0,0
2011,7,28,27.8887152778,204.5506944444,40.8522916667,0,0
2011,7,29,29.8125694444,204.5493055556,33.6495833333,0,0
2011,7,30,28.4332902468,211.6686251469,41.0544065805,0,-7.8688601645
2011,7,31,30.2205555556,213.9756944444,35.2340277778,0,1.1444444444
2011,8,1,25.2643402778,196.46875,58.4055555556,0,1.5798611111
2011,8,2,19.4145833333,189.5590277778,66.0256944444,0,1.1673611111
2011,8,3,17.0595138889,66.6701388889,75.2638888889,0,1.5947916667
2011,8,4,19.1459722222,220.3715277778,56.9173611111,0,1.2395833333
2011,8,5,23.2684027778,220.0416666667,44.1510416667,0,0.3798611111
2011,8,6,29.2457638889,220.7638888889,43.56875,0,0.5951388889
2011,8,7,31.1763888889,210.9236111111,39.5215277778,0,0.8836805556
2011,8,8,30.8703125,223.4513888889,35.3270833333,0,0.76875
2011,8,9,30.3505208333,216.9722222222,37.8121527778,0,0.6916666667
2011,8,10,30.8710416667,218.5347222222,41.171875,0,0.5513888889
2011,8,11,31.5739930556,209.4930555556,38.0572916667,0,0.5295138889
2011,8,12,32.1632986111,222.3298611111,32.6333333333,0,0.7125
2011,8,13,31.9745833333,213.4166666667,32.5489583333,0,0.7034722222
2011,8,14,31.2978472222,194.1423611111,37.1805555556,0,0.628125
2011,8,15,31.0561111111,231.2777777778,33.2333333333,0,0.7927083333
2011,8,16,31.3669791667,231.0451388889,27.3548611111,0,0.9857638889
2011,8,17,31.4282986111,204.1354166667,37.7027777778,0,0.8638888889
2011,8,18,32.4934027778,220.7986111111,36.9298611111,0,1.5420138889
2011,8,19,32.5861111111,199.5243055556,39.5628472222,0,1.7784722222
2011,8,20,16.3637847222,29.3715277778,89.4659722222,0.0423611111,1.9388888889
2011,8,21,16.7404861111,176.5486111111,59.3895833333,0,1.8069444444
2011,8,22,18.1982291667,239.8506944444,56.8729166667,0,1.2041666667
2011,8,23,19.8619097222,231.8854166667,63.4934027778,0,1.35
2011,8,24,23.8040277778,236.5416666667,58.9736111111,0,0.7118055556
2011,8,25,28.9784722222,238.6215277778,46.4461805556,0,0.5121527778
2011,8,26,30.7690625,226.4826388889,41.7722222222,0,0.6420138889
2011,8,27,32.4098263889,221.1701388889,37.6868055556,0,1.1506944444
2011,8,28,32.9786458333,241.7222222222,35.2239583333,0,1.2465277778
2011,8,29,33.0024305556,242.7569444444,35.1940972222,0,1.1072916667
2011,8,30,33.6613888889,237.9826388889,36.2100694444,0,1.1215277778
2011,8,31,28.3393402778,201.5694444444,58.0090277778,0,1.7451388889
2011,9,1,27.3235416667,238.6215277778,43.3170138889,0,1.4121527778
2011,9,2,29.3935416667,213.5277777778,38.0663194444,0,0.8236111111
2011,9,3,32.6477083333,239.2673611111,33.6184027778,0,1.0125
2011,9,4,33.0914236111,229,35.70625,0,1.4850694444
2011,9,5,33.0307291667,249.0798611111,30.9371527778,0,0.9461805556
2011,9,6,31.8228472222,241.0694444444,38.0489583333,0,0.6996527778
2011,9,7,31.8737847222,250.1944444444,34.4777777778,0,1.0399305556
2011,9,8,32.2067361111,242.0763888889,27.6753472222,0,1.303125
2011,9,9,23.5884722222,146.3298611111,66.0715277778,0,1.8197916667
2011,9,10,27.2804513889,236.1388888889,59.1194444444,0,0.7534722222
2011,9,11,27.0785069444,125.7881944444,70.3701388889,0.00625,1.178125
2011,9,12,29.0636111111,212.1145833333,55.1434027778,0,0.8572916667
2011,9,13,28.3151388889,87.6180555556,55.921875,0,0.5996527778
2011,9,14,28.6723611111,154.9097222222,53.3194444444,0,0.7694444444
2011,9,15,30.5639930556,202.3298611111,46.7697916667,0,0.9059027778
2011,9,16,32.0963194444,234.7395833333,37.4368055556,0,0.8972222222
2011,9,17,32.5390972222,248.71875,33.1038194444,0,0.9010416667
2011,9,18,30.5734375,240.6388888889,45.1572916667,0,1.2503472222
2011,9,19,28.2797222222,203.9409722222,59.7996527778,0,1.0357638889
2011,9,20,29.3739236111,189.9930555556,57.8138888889,0,1.2482638889
2011,9,21,29.5436458333,251.0347222222,56.6861111111,0,1.0993055556
2011,9,22,32.4968402778,213.2326388889,43.3243055556,0,0.8149305556
2011,9,23,32.4012847222,227.7395833333,37.5642361111,0,1.6649305556
2011,9,24,25.5387152778,128.2326388889,70.3184027778,0,1.315625
2011,9,25,28.5398958333,246.7673611111,58.4152777778,0,1.00625
2011,9,26,31.4770486111,232.1284722222,45.7131944444,0,0.9395833333
2011,9,27,31.1830902778,251.4444444444,45.6972222222,0,1.5149305556
2011,9,28,31.45375,257.4479166667,47.4895833333,0.0006944444,1.1944444444
2011,9,29,31.0215625,259.7465277778,47.2114583333,0.0111111111,1.3916666667
2011,9,30,31.7928125,254.7708333333,44.0326388889,0,1.6309027778
2011,10,1,32.3498958333,256.8402777778,41.7545138889,0,1.6006944444
2011,10,2,25.6582986111,151.9930555556,69.2069444444,0.0388888889,1.0729166667
2011,10,3,27.8532638889,273.6006944444,60.0385416667,0,0.80625
2011,10,4,29.7977777778,230.1423611111,52.4690972222,0,0.6798611111
2011,10,5,30.3625,220.84375,52.8604166667,0,1.5631944444
2011,10,6,30.3270833333,270.2534722222,54.9854166667,0,1.665625
2011,10,7,30.8614930556,241.8611111111,54.1295138889,0.0111111111,1.1868055556
2011,10,8,29.7539930556,197.4027777778,61.2614583333,0,1.3975694444
2011,10,9,31.7171527778,277,56.4940972222,0,1.3538194444
2011,10,10,28.3414930556,132.9583333333,71.0579861111,0.0131944444,1.2263888889
2011,10,11,29.9705555556,222.1111111111,58.8461805556,0,1.3180555556
2011,10,12,30.3605555556,187.7743055556,62.1392361111,0.0090277778,1.1413194444
2011,10,13,31.6089236111,256.8055555556,53.6472222222,0,1.9697916667
2011,10,14,28.005625,181.3888888889,75.5802083333,0.1041666667,1.3819444444
2011,10,15,28.6406944444,281.21875,70.4496527778,0.0006944444,1.6111111111
2011,10,16,26.5645652174,129.8188405797,77.7423913043,0,1.0101449275
2011,10,17,26.7726041667,143.8055555556,73.165625,0,0.8513888889
2011,10,18,29.3411111111,237.7638888889,62.4961805556,0,0.6815972222
2011,10,19,30.7492361111,280.0416666667,52.3857638889,0,1.1986111111
2011,10,20,29.2786458333,262.4305555556,53.1597222222,0,1.1635416667
2011,10,21,28.2569791667,263.1701388889,64.1503472222,0.0097222222,1.3520833333
2011,10,22,27.7308333333,237.0833333333,67.6545138889,0,1.2326388889
2011,10,23,26.6605555556,136.4375,72.3236111111,0.0006944444,0.7885416667
2011,10,24,30.8532638889,269.4201388889,58.7013888889,0,0.7961805556
2011,10,25,27.5664930556,121.7638888889,72.0739583333,0.0548611111,1.1909722222
2011,10,26,27.8713541667,225.5277777778,72.7871527778,0,0.7621527778
2011,10,27,29.7293402778,213.6145833333,65.140625,0,0.6052083333
2011,10,28,32.2850694444,271.4965277778,54.9350694444,0,0.8677083333
2011,10,29,33.1060763889,282.4826388889,50.2083333333,0.0006944444,1.2527777778
2011,10,30,27.2613541667,130.6354166667,71.5697916667,0.0229166667,1.3545138889
2011,10,31,25.0209375,136.0069444444,79.6180555556,0,1.171875
2011,11,1,28.8742361111,274.7881944444,64.6892361111,0,0.8055555556
2011,11,2,30.5081597222,267,56.2173611111,0.0006944444,0.8229166667
2011,11,3,29.1495138889,253.6041666667,65.7607638889,0,1.2767361111
2011,11,4,29.3925694444,246.1423611111,62.5430555556,0,1.3704861111
2011,11,5,28.92625,292.7638888889,62.1847222222,0,1.4274305556
2011,11,6,28.6229513889,208.40625,61.5861111111,0,1.3760416667
2011,11,7,28.364375,232.4861111111,65.8979166667,0,1.2288194444
2011,11,8,29.5536805556,220.5104166667,61.8260416667,0,1.0565972222
2011,11,9,30.6975,276.0555555556,57.5038194444,0,1.4173611111
2011,11,10,29.5128472222,237.0972222222,66.4496527778,0.0138888889,1.0833333333
2011,11,11,29.6927430556,230.5034722222,61.0680555556,0,0.7902777778
2011,11,12,31.9446527778,261.2604166667,52.9774305556,0,0.7600694444
2011,11,13,31.41375,270.7291666667,56.4628472222,0,1.5527777778
2011,11,14,29.3797222222,236.8472222222,66.2607638889,0.0444444444,1.6611111111
2011,11,15,23.5392708333,36.1527777778,95.0059027778,0.1368055556,0.809375
2011,11,16,27.3843055556,288.7743055556,72.0378472222,0.0006944444,0.4329861111
2011,11,17,29.6589930556,298.6076388889,59.2611111111,0,0.275
2011,11,18,31.8155902778,311.90625,53.0027777778,0,0.375
2011,11,19,30.1016319444,224.4861111111,59.090625,0,1.3052083333
2011,11,20,31.8431944444,297.6423611111,57.0694444444,0,0.9649305556
2011,11,21,32.6110763889,305.0833333333,53.1475694444,0,1.4840277778
2011,11,22,26.1756944444,137.5520833333,83.7743055556,0.1104166667,1.04375
2011,11,23,28.2975347222,301.7326388889,67.1385416667,0,0.6197916667
2011,11,24,28.0932638889,224.5520833333,71.1701388889,0.0597222222,1.1392361111
2011,11,25,29.6422222222,260.2291666667,66.8361111111,0,0.9972222222
2011,11,26,29.2828819444,235.8680555556,65.3260416667,0,0.9642361111
2011,11,27,29.3510416667,281.5416666667,65.2805555556,0,0.75625
2011,11,28,29.3400347222,265.6284722222,65.9010416667,0,1.0138888889
2011,11,29,29.7324652778,309.9548611111,64.6611111111,0.0013888889,1.053125
2011,11,30,28.9911805556,274.1111111111,66.3774305556,0,1.2236111111
2011,12,1,26.1567361111,212.5520833333,76.4322916667,0.1083333333,1.3684027778
2011,12,2,29.0977430556,291.7291666667,68.8510416667,0,0.5305555556
2011,12,3,30.8244444444,294.9479166667,61.6819444444,0,0.7510416667
2011,12,4,30.6098611111,278.9027777778,60.8145833333,0,1.1013888889
2011,12,5,29.5951736111,266.875,64.5479166667,0,1.5305555556
2011,12,6,28.8119791667,215.6145833333,68.8420138889,0,1.3576388889
2011,12,7,28.2893402778,174.8888888889,74.0652777778,0,0.625
2011,12,8,28.4342013889,234.5173611111,70.9006944444,0,1.3961805556
2011,12,9,25.858125,95.2638888889,85.3368055556,0.0097222222,0.91875
2011,12,10,28.7145833333,254.0486111111,73.1350694444,0.0020833333,1.1350694444
2011,12,11,29.3836805556,203.1111111111,72.4715277778,0.0319444444,0.9270833333
2011,12,12,29.3385069444,224.8333333333,70.9454861111,0,1.1552083333
2011,12,13,26.8790972222,149.3958333333,82.5642361111,0.1298611111,-187.3600694444
2011,12,14,25.7598958333,148.6388888889,88.9809027778,0.0527777778,-888.9
2011,12,15,28.9542361111,286.8888888889,65.5930555556,0.0006944444,-888.9
2011,12,16,29.8977777778,325.5138888889,48.8274305556,0,-888.9
2011,12,17,28.933125,238.0243055556,67.8111111111,0,-888.9
2011,12,18,28.8425694444,186.0347222222,69.3947916667,0,-888.9
2011,12,19,29.3899305556,253.3298611111,65.2378472222,0,-888.9
2011,12,20,28.1310069444,188.2118055556,73.4472222222,0.0097222222,-888.9
2011,12,21,26.3963888889,168.0659722222,82.7850694444,0.0854166667,-888.9
2011,12,22,29.1489236111,248.9583333333,70.5930555556,0.0034722222,-888.9
2011,12,23,28.0387847222,202.0034722222,74.8961805556,0,-888.9
2011,12,24,27.9134722222,233.5555555556,70.965625,0,-888.9
2011,12,25,28.6580555556,251.5520833333,71.0225694444,0,-888.9
2011,12,26,26.3074652778,165.7534722222,83.5857638889,0.0034722222,-888.9
2011,12,27,26.4549652778,156.3090277778,82.0180555556,0.0006944444,-888.9
2011,12,28,29.7954513889,264.9375,69.0416666667,0,-888.9
2011,12,29,28.8077430556,195.6840277778,73.2614583333,0.0006944444,-888.9
2011,12,30,26.9026736111,137.15625,82.5454861111,0.0208333333,-888.9
2011,12,31,26.3225,169.8125,84.9934027778,0.1069444444,-888.9
2012,1,1,25.9997569444,109.6319444444,86.5934027778,0.0034722222,-888.9
2012,1,2,28.0804166667,229.6597222222,75.5680555556,0.0166666667,-888.9
2012,1,3,27.3133680556,214.2291666667,75.0253472222,0,-888.9
2012,1,4,29.3514236111,218.2430555556,67.1177083333,0,-888.9
2012,1,5,28.6266666667,266.4583333333,73.1649305556,0.0076388889,-888.9
2012,1,6,28.7699652778,270.0868055556,73.8666666667,0.0340277778,-888.9
2012,1,7,27.6900347222,199.4201388889,78.4520833333,0.1180555556,-888.9
2012,1,8,26.9196180556,139.8333333333,80.7131944444,0.0145833333,-888.9
2012,1,9,28.4935069444,278.875,71.8809027778,0,-888.9
2012,1,10,25.4166319444,114.9201388889,86.4152777778,0.1131944444,-888.9
2012,1,11,25.4343402778,119.9513888889,82.7434027778,0.0076388889,-888.9
2012,1,12,24.2428472222,97.6736111111,90.7708333333,0.0611111111,-888.9
2012,1,13,26.1356944444,221.6145833333,84.8128472222,0.0229166667,-888.9
2012,1,14,27.4285069444,208.5555555556,77.4225694444,0,-888.9
2012,1,15,28.5254513889,238.5868055556,73.4576388889,0,-888.9
2012,1,16,28.2213888889,233.9756944444,76.540625,0.0131944444,-888.9
2012,1,17,27.2645486111,157.3020833333,77.6284722222,0,-888.9
2012,1,18,28.1623958333,254.9479166667,67.3902777778,0,-888.9
2012,1,19,27.7786458333,254.6631944444,72.9944444444,0.0076388889,-888.9
2012,1,20,28.241875,238.4548611111,70.5416666667,0,-888.9
2012,1,21,28.2128125,232.8715277778,73.4934027778,0,-888.9
2012,1,22,27.1905555556,154.9131944444,76.571875,0.00625,-888.9
2012,1,23,29.0108333333,294.6770833333,68.1809027778,0,-888.9
2012,1,24,27.6298958333,165.0833333333,76.0767361111,0.0013888889,-888.9
2012,1,25,27.4728819444,227.4583333333,76.0118055556,0.0020833333,-888.9
2012,1,26,26.8159722222,153.1909722222,82.5902777778,0.1277777778,-888.9
2012,1,27,25.1789930556,166.1354166667,85.3371527778,0.0361111111,-888.9
2012,1,28,28.7520486111,296.7291666667,68.9510416667,0,-888.9
2012,1,29,28.9847569444,266.3125,73.275,0,-888.9
2012,1,30,27.8423263889,173.5520833333,79.6010416667,0.0736111111,-888.9
2012,1,31,28.4940277778,229.1180555556,75.0829861111,0,-888.9
2012,2,1,28.0519444444,225.4236111111,77.2795138889,0.0125,-888.9
2012,2,2,26.4641666667,198.9236111111,82.1579861111,0.0076388889,-888.9
2012,2,3,28.0363541667,253.4201388889,78.4885416667,0.0104166667,-888.9
2012,2,4,26.7544791667,148.7152777778,80.1986111111,0,-888.9
2012,2,5,30.2182638889,306.1215277778,67.0899305556,0,-888.9
2012,2,6,31.2647569444,251.8854166667,59.3548611111,0,-888.9
2012,2,7,30.9276388889,288.2256944444,61.1434027778,0.0152777778,-888.9
2012,2,8,29.9107638889,293.9097222222,64.5868055556,0,-888.9
2012,2,9,29.9328125,296.8125,63.7892361111,0,-888.9
2012,2,10,28.5743055556,280.7326388889,69.3760416667,0.0208333333,-888.9
2012,2,11,27.3797569444,193.3541666667,79.3409722222,0,-888.9
2012,2,12,27.0246527778,197.0034722222,81.2715277778,0.0333333333,-888.9
2012,2,13,27.7515972222,250.3888888889,76.5243055556,0,-888.9
2012,2,14,26.9797569444,227.8159722222,77.6288194444,0.0055555556,-888.9
2012,2,15,27.2827777778,198.3645833333,72.4517361111,0.0027777778,-888.9
2012,2,16,26.2296875,260.4131944444,75.3354166667,0.0402777778,-888.9
2012,2,17,26.6261458333,226.2986111111,73.6770833333,0,-888.9
2012,2,18,26.2132291667,230.9305555556,77.7940972222,0.0104166667,-888.9
2012,2,19,25.7095833333,138.6458333333,82.8701388889,0,-888.9
2012,2,20,27.2978472222,218.03125,79.0416666667,0.0680555556,-888.9
2012,2,21,27.8215625,238.6909722222,73.0486111111,0,-888.9
2012,2,22,26.7013888889,237.4583333333,79.6152777778,0.0263888889,-888.9
2012,2,23,27.113125,170.2951388889,82.1427083333,0.0013888889,-888.9
2012,2,24,26.1931944444,159.1527777778,85.7048611111,0.0368055556,-888.9
2012,2,25,27.7207638889,229.5034722222,76.7236111111,0,-888.9
2012,2,26,27.2632986111,231.1458333333,79.1739583333,0.0166666667,-888.9
2012,2,27,27.2088541667,258.6076388889,79.9013888889,0.1430555556,-888.9
2012,2,28,27.5275,206.1875,75.5173611111,0,-888.9
2012,2,29,26.8470486111,241.0347222222,75.6722222222,0.06875,-888.9
2012,3,1,25.6313541667,127.6909722222,84.1503472222,0.2027777778,-888.9
2012,3,2,27.7996527778,272.0451388889,76.8583333333,0,-888.9
2012,3,3,27.3362847222,229.5138888889,77.8711805556,0.0305555556,-888.9
2012,3,4,27.3258680556,266.4305555556,81.0888888889,0.0909722222,-888.9
2012,3,5,29.1711458333,288.1493055556,69.1354166667,0,-888.9
2012,3,6,25.2796527778,204.9895833333,81.646875,0.1104166667,-888.9
2012,3,7,25.2965972222,162.7222222222,83.2760416667,0,-888.9
2012,3,8,26.7766319444,223.2013888889,75.8472222222,0,-888.9
2012,3,9,28.621875,280.21875,68.0180555556,0,-888.9
2012,3,10,28.9285069444,247.9027777778,69.8364583333,0,-888.9
2012,3,11,27.9729166667,214.2777777778,74.3409722222,0.0236111111,-888.9
2012,3,12,29.9155555556,264.9409722222,66.4118055556,0,-888.9
2012,3,13,28.6437847222,231.7986111111,73.403125,0.0340277778,-888.9
2012,3,14,27.4538194444,247.9479166667,77.7600694444,0.0236111111,-888.9
2012,3,15,25.8266666667,175.1180555556,87.8524305556,0.0298611111,-888.9
2012,3,16,27.0255902778,212.3194444444,81.0319444444,0,-888.9
2012,3,17,29.3968055556,263.9340277778,72.1475694444,0,-888.9
2012,3,18,26.9160069444,195.3923611111,81.35625,0.1125,-888.9
2012,3,19,28.9858680556,241.875,72.24375,0,-888.9
2012,3,20,27.3423263889,193.4791666667,79.6347222222,0.0041666667,-888.9
2012,3,21,28.5052430556,204.1388888889,75.6090277778,0,-888.9
2012,3,22,28.8220833333,229.5173611111,73.3885416667,0,-888.9
2012,3,23,26.7861805556,174.3680555556,78.2697916667,0.0326388889,-888.9
2012,3,24,27.4435763889,207.6631944444,77.3986111111,0,-888.9
2012,3,25,28.6021875,215.5625,75.0631944444,0,-888.9
2012,3,26,27.8540277778,206.5208333333,72.0715277778,0.0076388889,-888.9
2012,3,27,26.0161458333,145.6284722222,78.0600694444,0.2506944444,-888.9
2012,3,28,23.2995833333,81.0763888889,89.5350694444,0.0076388889,-888.9
2012,3,29,25.9029513889,263.7083333333,75.4840277778,0,-888.9
2012,3,30,28.1069097222,244.8298611111,72.1270833333,0,-888.9
2012,3,31,29.3280208333,253.6215277778,70.8302083333,0,-888.9
2012,4,1,27.6469097222,185.8819444444,80.2482638889,0.0423611111,-888.9
2012,4,2,28.6255208333,188.6180555556,73.7819444444,0,-888.9
2012,4,3,28.00625,205.3506944444,74.4284722222,0.0013888889,-888.9
2012,4,4,29.1364930556,225.7847222222,67.2829861111,0,-888.9
2012,4,5,30.429375,246.0138888889,65.084375,0,-888.9
2012,4,6,29.5477083333,217.3923611111,72.44375,0,-888.9
2012,4,7,29.1661458333,180.7465277778,72.1243055556,0,-888.9
2012,4,8,27.3176041667,198.71875,79.353125,0.1534722222,-888.9
2012,4,9,27.7742013889,219.7361111111,79.3364583333,0.0069444444,-888.9
2012,4,10,29.3969791667,230.8159722222,70.8135416667,0,-888.9
2012,4,11,28.5775694444,189.1388888889,73.2916666667,0.0027777778,-888.9
2012,4,12,28.7377777778,221.6805555556,74.9194444444,0.0027777778,-888.9
2012,4,13,28.0031944444,151.8715277778,79.6746527778,0.0006944444,-888.9
2012,4,14,28.4962152778,205.1388888889,77.3520833333,0.0069444444,-888.9
2012,4,15,25.6898611111,114.46875,83.1090277778,0.0006944444,-888.9
2012,4,16,27.3884722222,223.0451388889,77.740625,0,-888.9
2012,4,17,29.3179861111,221.8854166667,72.8364583333,0,-888.9
2012,4,18,29.8517708333,229.0729166667,70.1649305556,0,-888.9
2012,4,19,30.1775347222,207.4131944444,69.2229166667,0,-888.9
2012,4,20,27.7752083333,119.2430555556,80.0736111111,0.0423611111,-888.9
2012,4,21,25.8436111111,133.25,87.6236111111,0.0368055556,-888.9
2012,4,22,26.4948611111,143.2222222222,83.7840277778,0,-888.9
2012,4,23,28.4411805556,205.7222222222,78.5513888889,0,-888.9
2012,4,24,29.1452083333,203.1909722222,74.7888888889,0,-888.9
2012,4,25,29.1940972222,196.125,72.0486111111,0,-888.9
2012,4,26,28.3328472222,163.7881944444,75.4520833333,0.0055555556,-888.9
2012,4,27,26.7541666667,130.7152777778,83.7847222222,0,-888.9
2012,4,28,26.7306944444,163.6319444444,83.8225694444,0.14375,-888.9
2012,4,29,24.6494097222,160.5104166667,88.4253472222,0.0173611111,-888.9
2012,4,30,18.78625,48.1145833333,91.2027777778,0.0055555556,-888.9
2012,5,1,20.4695138889,222.3368055556,74.0173611111,0,-888.9
2012,5,2,22.6273958333,225.21875,66.8753472222,0,-888.9
2012,5,3,25.1200694444,225.28125,66.9934027778,0,-888.9
2012,5,4,25.9905555556,224.7881944444,65.3086805556,0,-888.9
2012,5,5,27.1180208333,215.9618055556,62.9194444444,0,-888.9
2012,5,6,27.0238194444,220.7534722222,64.8190972222,0,-888.9
2012,5,7,27.0861805556,218.8020833333,63.2684027778,0,-888.9
2012,5,8,27.1367708333,204.6284722222,62.3958333333,0,-888.9
2012,5,9,28.2325347222,199.8819444444,61.0027777778,0,-888.9
2012,5,10,28.7915277778,195.3298611111,63.24375,0,-888.9
2012,5,11,29.6773611111,177.9652777778,63.340625,0,-888.9
2012,5,12,28.9604166667,167.6215277778,68.4444444444,0.1909722222,-888.9
2012,5,13,23.63125,85.2569444444,90.6444444444,0.0597222222,-888.9
2012,5,14,24.6878472222,159.3993055556,85.6447916667,0.1881944444,-888.9
2012,5,15,22.9015972222,100.6006944444,90.8013888889,0.1159722222,-888.9
2012,5,16,25.4542361111,186.7256944444,79.9413194444,0,-888.9
2012,5,17,24.3163888889,89.3472222222,88.940625,0.0201388889,-888.9
2012,5,18,26.0724305556,194.7118055556,78.2427083333,0,-888.9
2012,5,19,26.7118402778,168.59375,77.1940972222,0,-888.9
2012,5,20,27.1612847222,191.0520833333,74.7170138889,0,-888.9
2012,5,21,26.5515972222,164.4201388889,76.1350694444,0.0236111111,-888.9
2012,5,22,25.4752083333,150.8159722222,79.3583333333,0.0006944444,-888.9
2012,5,23,27.5790277778,195.1111111111,70.9104166667,0,-888.9
2012,5,24,23.8377083333,72.7986111111,89.3041666667,0.2090277778,-888.9
2012,5,25,24.6229513889,123.6215277778,86.7319444444,0,-888.9
2012,5,26,26.5555555556,170.1840277778,81.803125,0,-888.9
2012,5,27,28.0969444444,170.7430555556,77.475,0.0048611111,-888.9
2012,5,28,28.1077430556,184.7534722222,74.4034722222,0.1034722222,-888.9
2012,5,29,26.5386111111,195.3541666667,76.4892361111,0.0006944444,-888.9
2012,5,30,27.5827083333,196.3472222222,73.4451388889,0,-888.9
2012,5,31,28.4062847222,198.75,69.9048611111,0,-888.9
2012,6,1,27.9258680556,177.1597222222,72.8256944444,0,-888.9
2012,6,2,28.2220138889,190.0416666667,70.040625,0,-888.9
2012,6,3,28.5060416667,192.2291666667,67.5645833333,0,-888.9
2012,6,4,25.9057638889,134.1944444444,80.1333333333,0.0381944444,-888.9
2012,6,5,21.0708333333,46.8055555556,95.7378472222,0.0506944444,-888.9
2012,6,6,20.1277430556,45.1354166667,97.3739583333,0.00625,-888.9
2012,6,7,14.9571180556,55.3958333333,95.7361111111,0.0076388889,-888.9
2012,6,8,16.43375,89.4166666667,87.759375,0,-888.9
2012,6,9,19.8646527778,189.2430555556,78.9458333333,0,-888.9
2012,6,10,24.2479166667,186.53125,81.8121527778,0,-888.9
2012,6,11,26.7017708333,180.1354166667,78.9822916667,0,-888.9
2012,6,12,27.9984722222,191.4652777778,73.1315972222,0,-888.9
2012,6,13,27.7362152778,181.5347222222,67.5600694444,0,-888.9
2012,6,14,26.7554166667,163.9895833333,68.6798611111,0,-888.9
2012,6,15,26.9662847222,176.5520833333,67.7836805556,0,-888.9
2012,6,16,26.8247916667,175.3819444444,69.8614583333,0,-888.9
2012,6,17,27.0572916667,187.1180555556,61.2854166667,0,-888.9
2012,6,18,27.9570486111,178.0833333333,58.2013888889,0,-888.9
2012,6,19,28.5741666667,180.6180555556,63.2642361111,0,-888.9
2012,6,20,28.4406944444,176.03125,70.2239583333,0.0048611111,-888.9
2012,6,21,28.0746875,171.3715277778,76.6725694444,0.0256944444,-888.9
2012,6,22,23.724375,96.0173611111,84.2697916667,0.0201388889,-888.9
2012,6,23,22.1955208333,189.5555555556,80.2989583333,0,-888.9
2012,6,24,24.4113541667,187.1111111111,76.4385416667,0,-888.9
2012,6,25,25.7889930556,186.8854166667,73.2277777778,0,-888.9
2012,6,26,25.0515625,186.4166666667,70.0770833333,0,-888.9
2012,6,27,26.4703472222,169.9930555556,67.8333333333,0,-888.9
2012,6,28,26.6615972222,190.7291666667,59.5649305556,0,-888.9
2012,6,29,26.2577777778,194.6180555556,56.7371527778,0,-888.9
2012,6,30,25.9856597222,191.2847222222,61.8798611111,0,-888.9
2012,7,1,27.3582986111,192.5555555556,61.0697916667,0,-888.9
2012,7,2,27.5619791667,188.2465277778,57.4732638889,0,-888.9
2012,7,3,28.1326736111,193.2430555556,51.9638888889,0,-888.9
2012,7,4,26.2788194444,195.3020833333,52.4572916667,0,-888.9
2012,7,5,27.3792013889,191.71875,56.2440972222,0,-888.9
2012,7,6,27.8582291667,196.2604166667,58.8065972222,0,-888.9
2012,7,7,17.4092708333,35.3854166667,88.7052083333,0,-888.9
2012,7,8,17.0731597222,101.3576388889,85.8427083333,0,-888.9
2012,7,9,22.1548263889,178.9513888889,78.0673611111,0,-888.9
2012,7,10,26.4606944444,189.9965277778,67.8680555556,0,-888.9
2012,7,11,26.6962847222,184.2534722222,67.4079861111,0,-888.9
2012,7,12,24.4143402778,115.2361111111,80.3847222222,0,-888.9
2012,7,13,24.1689236111,184.8680555556,73.8118055556,0,-888.9
2012,7,14,24.8490625,189.9444444444,69.9059027778,0,-888.9
2012,7,15,24.8335416667,194.8854166667,65.3354166667,0,-888.9
2012,7,16,21.7076388889,194.6770833333,67.7059027778,0,-888.9
2012,7,17,16.0661111111,51.5034722222,85.7326388889,0,-888.9
2012,7,18,17.9915625,199.6493055556,65.4600694444,0,-888.9
2012,7,19,18.8497569444,204.2430555556,60.2395833333,0,-888.9
2012,7,20,22.50625,199.6493055556,54.7260416667,0,-888.9
2012,7,21,25.8036111111,193.7569444444,55.2239583333,0,-888.9
2012,7,22,27.4970486111,190.4201388889,62.6510416667,0,-888.9
2012,7,23,28.1737152778,173.9548611111,65.0038194444,0,-888.9
2012,7,24,28.9121527778,165.5208333333,57.6652777778,0,-888.9
2012,7,25,29.2475694444,198.2638888889,53.8680555556,0,-888.9
2012,7,26,27.9976736111,196.5590277778,58.0163194444,0,-888.9
2012,7,27,27.8919444444,196.90625,52.628125,0,-888.9
2012,7,28,28.0588888889,204.0902777778,54.340625,0,-888.9
2012,7,29,27.6813194444,204.4583333333,48.18125,0,-888.9
2012,7,30,25.3072222222,193.6701388889,66.7701388889,0,-888.9
2012,7,31,24.0284027778,174.5069444444,74.0711805556,0,-888.9
2012,8,1,26.6279513889,203.6805555556,58.7121527778,0,-888.9
2012,8,2,27.4361458333,207.5555555556,47.5440972222,0,-888.9
2012,8,3,28.0157291667,206.5520833333,44.9385416667,0,-888.9
2012,8,4,27.6973958333,197.9895833333,49.8482638889,0,-888.9
2012,8,5,27.6219097222,205.4270833333,49.63125,0,-888.9
2012,8,6,27.4855555556,202.3229166667,53.1388888889,0,-888.9
2012,8,7,28.6423263889,207.25,48.1135416667,0,-888.9
2012,8,8,29.3878125,206,46.3059027778,0,-888.9
2012,8,9,29.4821527778,202.7361111111,47.7868055556,0,-888.9
2012,8,10,29.7165972222,205.7604166667,45.1635416667,0,-888.9
2012,8,11,29.1525694444,214.8194444444,37.4159722222,0,-888.9
2012,8,12,29.2032638889,212.0104166667,41.3489583333,0,-888.9
2012,8,13,29.0251388889,215.8298611111,37.3427083333,0,-888.9
2012,8,14,28.1107291667,186.5,39.4506944444,0,-888.9
2012,8,15,29.755,171.2013888889,42.4628472222,0,-888.9
2012,8,16,31.5766666667,208.1388888889,38.4927083333,0,-888.9
2012,8,17,30.9555555556,203.6388888889,39.7857638889,0,-888.9
2012,8,18,30.3228472222,213.5416666667,38.4822916667,0,-888.9
2012,8,19,30.3245833333,205.3888888889,39.3763888889,0,-888.9
2012,8,20,30.6820138889,217.53125,33.9659722222,0,-888.9
2012,8,21,30.0470486111,217.6076388889,37.1076388889,0,-888.9
2012,8,22,29.5330208333,221.2118055556,35.8920138889,0,-888.9
2012,8,23,29.9939236111,222.3993055556,36.5197916667,0,-888.9
2012,8,24,29.9442708333,134.2361111111,38.1986111111,0,-888.9
2012,8,25,25.9869097222,176.0763888889,52.653125,0,-888.9
2012,8,26,18.0855902778,106.9409722222,73.0027777778,0,-888.9
2012,8,27,19.6672569444,168.6701388889,65.5878472222,0,-888.9
2012,8,28,19.8727430556,208.8611111111,61.3694444444,0,-888.9
2012,8,29,23.2725347222,225.3784722222,55.846875,0,-888.9
2012,8,30,27.7289930556,220.9201388889,46.8875,0,-888.9
2012,8,31,29.5665625,223.2465277778,39.525,0,-888.9
2012,9,1,30.4989236111,219.71875,37.2527777778,0,-888.9
2012,9,2,31.3478125,205.2743055556,36.8517361111,0,-888.9
2012,9,3,31.8363508772,221.898245614,36.7673684211,0,-339.5905263158
2012,9,4,32.0591666667,224.2638888889,32.9868055556,0,0.5611111111
2012,9,5,32.0807291667,210.5590277778,28.5288194444,0,0.6746527778
2012,9,6,31.8858333333,221.5347222222,29.6149305556,0,0.7875
2012,9,7,32.6035416667,219.8993055556,26.3340277778,0,0.76875
2012,9,8,32.1216319444,200.7361111111,29.0930555556,0,0.5875
2012,9,9,31.4621527778,203.7326388889,31.7590277778,0,0.4486111111
2012,9,10,31.8147916667,200.4861111111,29.8572916667,0,0.5979166667
2012,9,11,30.6984722222,202.8333333333,44.721875,0,0.6538194444
2012,9,12,31.7854513889,173.4652777778,45.1829861111,0,0.5305555556
2012,9,13,33.9555208333,203.7569444444,37.0166666667,0,0.6954861111
2012,9,14,34.1821180556,176.2881944444,39.4177083333,0,0.78125
2012,9,15,33.1034375,188.2881944444,43.7409722222,0,0.9277777778
2012,9,16,31.6627777778,148.34375,42.703125,0,1.2524305556
2012,9,17,32.0001388889,154.3576388889,46.1163194444,0,1.3836805556
2012,9,18,32.3051736111,199.6701388889,44.8260416667,0,1.9930555556
2012,9,19,30.7283333333,168.3680555556,52.4045138889,0,2.2423611111
2012,9,20,27.6000694444,145.9375,69.45,0.0034722222,0.4857638889
2012,9,21,28.4697569444,162.2777777778,66.8204861111,0.0097222222,1.2475694444
2012,9,22,26.1434722222,186.1041666667,74.78125,0,1.0510416667
2012,9,23,29.4044097222,216.8194444444,62.1461805556,0,0.2315972222
2012,9,24,30.7297222222,234.7256944444,58.3493055556,0.0340277778,1.0274305556
2012,9,25,26.2508680556,153.2222222222,75.0666666667,0.0215277778,1.3690972222
2012,9,26,22.3202083333,147.4201388889,71.5951388889,0.0104166667,1.6006944444
2012,9,27,23.7723958333,272.40625,42.0361111111,0,0.8854166667
2012,9,28,29.2009722222,272.4930555556,42.065625,0,0.503125
2012,9,29,31.8915277778,256.6111111111,44.6475694444,0,0.8340277778
2012,9,30,31.6802430556,256.25,50.6510416667,0,1.471875
2012,10,1,32.4001388889,233.7291666667,48.2878472222,0,1.3458333333
2012,10,2,29.5673958333,176.0868055556,62.1246527778,0.0076388889,1.5666666667
2012,10,3,28.5886111111,129.4409722222,67.5104166667,0,0.7892361111
2012,10,4,26.0044097222,88.4305555556,73.5635416667,0.00625,0.6329861111
2012,10,5,29.8260069444,170.7743055556,62.4545138889,0,0.5489583333
2012,10,6,30.5136458333,216.7048611111,58.2697916667,0.0097222222,0.8361111111
2012,10,7,28.9847222222,209.1145833333,69.0447916667,0.0305555556,0.9826388889
2012,10,8,29.4893055556,121.5173611111,65.2864583333,0,0.8513888889
2012,10,9,30.9876736111,255.5173611111,57.2604166667,0,1.0791666667
2012,10,10,28.0062152778,134.0625,71.5972222222,0.0006944444,1.3541666667
2012,10,11,24.0561111111,103.1875,84.5142361111,0.0041666667,1.3118055556
2012,10,12,25.7279166667,164.0902777778,76.7197916667,0,1.0704861111
2012,10,13,29.7436111111,275.3298611111,64.3125,0,0.8170138889
2012,10,14,31.8943055556,274.0798611111,57.1760416667,0,0.8798611111
2012,10,15,32.3874305556,250.8784722222,54.0399305556,0,1.4149305556
2012,10,16,26.8593055556,146.8125,73.6451388889,0.03125,1.5270833333
2012,10,17,28.4949305556,267.2986111111,68.5920138889,0,0.75625
2012,10,18,31.7098958333,277.6701388889,57.6319444444,0,0.7378472222
2012,10,19,32.3905208333,260.71875,51.109375,0,1.1607638889
2012,10,20,32.2290277778,224.5277777778,51.8690972222,0,0.9586805556
2012,10,21,32.5446014493,261.6195652174,50.8579710145,0,1.4315217391
2012,10,22,31.9062152778,232.40625,55.35,0,1.7850694444
2012,10,23,31.5670138889,196.6597222222,56.4861111111,0,1.1666666667
2012,10,24,30.8604513889,238.2048611111,57.3121527778,0,1.3416666667
2012,10,25,31.3661458333,-149.1284722222,58.2673611111,0,0.715625
2012,10,26,32.1076388889,-889,55.4,0,0.8121527778
2012,10,27,31.3908333333,-889,56.9298611111,0,0.9427083333
2012,10,28,30.3169097222,-889,61.8222222222,0,0.6190972222
2012,10,29,33.7231944444,-248.6493055556,49.0440972222,0,0.6322916667
2012,10,30,32.3086805556,147.6805555556,51.3850694444,0,0.5628472222
2012,10,31,32.835625,261.7847222222,52.8805555556,0,1.1815972222
2012,11,1,30.8707986111,171.4166666667,58.1388888889,0,0.9003472222
2012,11,2,28.5361458333,204.6215277778,68.5177083333,0.0034722222,0.853125
2012,11,3,29.1132291667,217.2222222222,68.6,0,0.3489583333
2012,11,4,28.6428472222,161.0347222222,71.5413194444,0,0.5111111111
2012,11,5,28.0020486111,182.5972222222,75.6767361111,0.0048611111,1.1336805556
2012,11,6,25.4709375,112.5625,89.0163194444,0.0569444444,0.5260416667
2012,11,7,26.3685069444,169.46875,85.0628472222,0.0173611111,0.6482638889
2012,11,8,28.1823611111,173.5972222222,73.6576388889,0.0006944444,0.9503472222
2012,11,9,30.9827430556,256.3229166667,62.4475694444,0.0027777778,1.7586805556
2012,11,10,31.8089583333,281.0034722222,59.9190972222,0.0006944444,1.6336805556
2012,11,11,29.0497222222,199.1111111111,72.9201388889,0.0159722222,1.2333333333
2012,11,12,26.9054166667,-765.3888888889,85.8493055556,0.0388888889,0.7204861111
2012,11,13,26.0898611111,-889,89.0579861111,0.0666666667,0.6545138889
2012,11,14,24.9268055556,-889,91.5493055556,0.0027777778,0.6954861111
2012,11,15,28.7369444444,-889,73.259375,0,0.5868055556
2012,11,16,29.9774652778,-889,68.0215277778,0,0.6430555556
2012,11,17,28.4697569444,-889,74.9454861111,0.0055555556,0.8357638889
2012,11,18,28.5607291667,-780.8402777778,73.8302083333,0,0.6982638889
2012,11,19,28.0685416667,213.8402777778,75.8069444444,0.0125,0.8170138889
2012,11,20,26.7495833333,179.1666666667,82.4038194444,0.1166666667,0.8180555556
2012,11,21,27.2977430556,210.0590277778,81.7444444444,0.0263888889,0.6975694444
2012,11,22,27.1098611111,164.8263888889,85.1319444444,0.0708333333,0.6916666667
2012,11,23,26.2538194444,138.71875,88.3607638889,0.0152777778,0.7559027778
2012,11,24,25.0749652778,99.4305555556,93.2329861111,0.0375,0.5409722222
2012,11,25,26.6363541667,154.9652777778,85.7763888889,0.0006944444,0.4350694444
2012,11,26,28.8464236111,206.4375,78.6736111111,0.0673611111,0.9743055556
2012,11,27,28.4648958333,189.2534722222,83.2173611111,0.0645833333,0.6645833333
2012,11,28,27.3888541667,171.8194444444,85.9274305556,0.0805555556,0.8288194444
2012,11,29,29.8363194444,255.15625,75.6940972222,0,0.9229166667
2012,11,30,27.3414583333,101.9409722222,82.7881944444,0.0416666667,0.2388888889
2012,12,1,27.5477617329,193.8555956679,79.8689530686,0,0.5086642599
2012,12,2,26.8627430556,133.8263888889,86.2201388889,0.0388888889,0.2850694444
2012,12,3,27.9530208333,212.9131944444,74.0041666667,0.0104166667,1.2100694444
2012,12,4,28.1063888889,213.9965277778,73.0364583333,0,1.3201388889
2012,12,5,28.2752083333,228.5243055556,73.0798611111,0.0048611111,1.140625
2012,12,6,29.5194097222,286.1284722222,66.7454861111,0,1.0996527778
2012,12,7,30.3709027778,295.9270833333,65.9517361111,0,0.9552083333
2012,12,8,29.8693402778,238.4652777778,71.153125,0.0479166667,0.690625
2012,12,9,30.1107638889,247.0868055556,73.4305555556,0,0.4979166667
2012,12,10,30.6877083333,264.5173611111,68.3996527778,0,1.1899305556
2012,12,11,29.5156597222,239.7118055556,73.525,0.0319444444,0.8190972222
2012,12,12,29.1895833333,235.0659722222,72.8229166667,0,0.6402777778
2012,12,13,26.5832986111,127.3958333333,84.9003472222,0.0986111111,0.7392361111
2012,12,14,25.9748958333,123.96875,84.5350694444,0.06875,0.7930555556
2012,12,15,26.7047569444,172.5069444444,82.4861111111,0.0263888889,0.9961805556
2012,12,16,28.4360069444,252.1631944444,74.0739583333,0,1.0625
2012,12,17,27.1372569444,115.0277777778,81.8788194444,0.00625,0.5569444444
2012,12,18,29.3447569444,225.84375,74.2506944444,0,0.684375
2012,12,19,30.514375,205.3819444444,69.9392361111,0.0034722222,0.7600694444
2012,12,20,30.398125,269.8611111111,64.0506944444,0,0.9385416667
2012,12,21,28.9994097222,238.2291666667,74.5829861111,0.0430555556,0.5986111111
2012,12,22,28.2957638889,188.6458333333,78.8989583333,0,0.5319444444
2012,12,23,28.7340277778,219.0555555556,71.6079861111,0.0006944444,0.0666666667
2012,12,24,30.2334722222,244.6145833333,65.9822916667,0,0.0819444444
2012,12,25,30.3012152778,285.0069444444,61.503125,0,0.2142361111
2012,12,26,28.8645138889,249.2048611111,69.3472222222,0.0375,0.3170138889
2012,12,27,27.8853472222,244.15625,73.3385416667,0.0111111111,0.6822916667
2012,12,28,26.5965625,198.3472222222,78.0170138889,0.0069444444,0.2454861111
2012,12,29,28.7109027778,249.5243055556,72.4100694444,0,0.0118055556
2012,12,30,27.2919791667,151.0138888889,80.0020833333,0.0131944444,0.0736111111
2012,12,31,28.8329513889,260.1909722222,77.0947916667,0.0256944444,0.0329861111
2013,1,1,28.0869097222,217.2256944444,79.56875,0.0284722222,0.0520833333
2013,1,2,28.5459722222,256.8194444444,77.0111111111,0,0.7548611111
2013,1,3,29.2753819444,244.9270833333,73.1371527778,0,0.3572916667
2013,1,4,27.5041319444,181.34375,81.5239583333,0.0118055556,0.284375
2013,1,5,27.9725,198.7638888889,77.6583333333,0,0.0666666667
2013,1,6,30.2096180556,286.7534722222,68.5423611111,0.0131944444,0.2493055556
2013,1,7,30.2136111111,269.5173611111,70.1170138889,0.0090277778,0.7388888889
2013,1,8,28.943125,173.1805555556,76.5277777778,0.0194444444,0.2774305556
2013,1,9,28.9913888889,214.7881944444,77.1253472222,0,0.0878472222
2013,1,10,27.2596180556,137.9583333333,81.6916666667,0.0020833333,0.03125
2013,1,11,27.3435069444,143.7777777778,82.4288194444,0,0.0194444444
2013,1,12,27.8383680556,225.3090277778,80.8100694444,0.0125,0.1614583333
2013,1,13,25.3554166667,86.5208333333,88.4631944444,0.0208333333,0.1368055556
2013,1,14,25.6682291667,162.3645833333,83.6402777778,0,0.2121527778
2013,1,15,27.3291319444,225.7673611111,76.9902777778,0,0.2166666667
2013,1,16,28.2576388889,242.3368055556,74.2430555556,0.0027777778,0.2041666667
2013,1,17,29.4653819444,228.9270833333,70.1447916667,0.0006944444,0.7291666667
2013,1,18,29.614375,221.7222222222,73.7701388889,0.0423611111,0.2277777778
2013,1,19,28.7902777778,264.5451388889,77.36875,0.0069444444,0.1052083333
2013,1,20,24.5867013889,26.8645833333,94.9753472222,0.0826388889,0.0340277778
2013,1,21,26.9714930556,198.4270833333,86.0159722222,0.025,0.0409722222
2013,1,22,27.1667013889,208.4236111111,85.1975694444,0.1354166667,0.0461805556
2013,1,23,28.7634722222,213.6458333333,81.2006944444,0.0083333333,0.2680555556
2013,1,24,28.3538541667,189.6180555556,80.8649305556,0,0.41875
2013,1,25,27.5255902778,152.6006944444,81.6923611111,0.0194444444,0.4586805556
2013,1,26,25.1673958333,83.5520833333,92.1701388889,0.0243055556,0.4013888889
2013,1,27,26.4875694444,141.7743055556,87.0184027778,0.00625,0.2607638889
2013,1,28,27.9308680556,125.8298611111,82.5635416667,0,0.1020833333
2013,1,29,26.5178472222,116.2083333333,88.525,0.1138888889,0.0628472222
2013,1,30,26.0890277778,91.2395833333,90.928125,0.0173611111,0.1493055556
2013,1,31,25.8759722222,103.75,89.3645833333,0.0611111111,0.2055555556
2013,2,1,26.1640277778,115.1388888889,88.8545138889,0.0604166667,0.3038194444
2013,2,2,27.8447222222,220.90625,77.3427083333,0,0.6961805556
2013,2,3,28.4098611111,207.34375,75.0576388889,0,0.5961805556
2013,2,4,25.4925,41.3819444444,92.6208333333,0.0284722222,0.0784722222
2013,2,5,27.3387152778,167.8020833333,84.2506944444,0.0006944444,0.3565972222
2013,2,6,27.2728125,169.7534722222,82.9920138889,0.0055555556,0.4604166667
2013,2,7,26.8955487805,162.5548780488,85.443902439,0.0109756098,0.3634146341
2013,3,8,28.7584722222,1.6111111111,75.3333333333,0,0.1013888889
2013,3,9,31.0259375,279.0381944444,67.6909722222,0,0.2013888889
2013,3,10,31.8876736111,258.2430555556,64.4795138889,0.0034722222,0.1815972222
2013,3,11,30.6758680556,168.2676056338,62.9876760563,74.823943662,-1.4123239437
2013,3,12,29.4640625,231.4583333333,70.9756944444,0,0.453125
2013,3,13,30.5841319444,241.5104166667,67.7100694444,0,0.2138888889
2013,3,14,28.8180208333,160.5069444444,75.1576388889,0,0.0805555556
2013,3,15,27.5122916667,121.4201388889,84.7152777778,0.0402777778,0.1194444444
2013,3,16,27.2003125,173.7048611111,83.1409722222,0.0006944444,0.2520833333
2013,3,17,26.3659722222,168.3194444444,88.4180555556,0.1506944444,0.2618055556
2013,3,18,26.0467361111,108.1666666667,91.5600694444,0.2895833333,0.1253472222
2013,3,19,25.2835416667,107.2118055556,94.4947916667,0.0798611111,0.1107638889
2013,3,20,27.2354166667,199.4895833333,83.5697916667,0.0152777778,0.3465277778
2013,3,21,26.8154861111,172.2881944444,86.4649305556,0.1736111111,0.2239583333
2013,3,22,28.5798611111,195.7743055556,80.6284722222,0,0.2145833333
2013,3,23,26.6660763889,129.2395833333,86.075,0.0458333333,0.1774305556
2013,3,24,26.3922569444,130.8333333333,87.9107638889,0.0006944444,0.1524305556
2013,3,25,25.1294444444,111.6041666667,89.8826388889,0.0388888889,0.1982638889
2013,3,26,26.6264930556,170.0486111111,84.5427083333,0.0041666667,0.3246527778
2013,3,27,26.374375,175.4548611111,85.025,0.0361111111,0.4697916667
2013,3,28,27.3251041667,220.4409722222,71.1961805556,0.0006944444,0.3489583333
2013,3,29,27.2529513889,249.4166666667,68.1909722222,0,0.0795138889
2013,3,30,28.3409027778,201.2673611111,71.38125,0,0.0104166667
2013,3,31,29.5314236111,224.6805555556,70.1795138889,0,0.0902777778
2013,4,1,29.3573958333,178.5243055556,73.3371527778,0,0.1854166667
2013,4,2,29.4246875,224.4097222222,73.153125,0,0.2673611111
2013,4,3,27.7046875,162.2708333333,81.3753472222,0.0131944444,0.1635416667
2013,4,4,26.0421527778,142.1041666667,87.0673611111,0.0125,0.1618055556
2013,4,5,27.7294097222,193.3611111111,80.5555555556,0,0.3993055556
2013,4,6,28.5035069444,191.2638888889,75.5708333333,0,0.6670138889
2013,4,7,28.0542708333,126.0972222222,77.5416666667,0,0.0822916667
2013,4,8,26.9373611111,117.9236111111,87.5902777778,0.0041666667,0.059375
2013,4,9,26.2769444444,123.8993055556,88.2385416667,0.16875,0.0555555556
2013,4,10,28.1335763889,218.4375,81.2041666667,0.0006944444,0.2677083333
2013,4,11,28.4340625,172.0034722222,77.3194444444,0.0006944444,0.7381944444
2013,4,12,27.5524652778,156,80.8361111111,0.0034722222,0.7288194444
2013,4,13,25.3912152778,124.8298611111,87.2204861111,0.0145833333,0.6489583333
2013,4,14,24.8297916667,150.1180555556,84.1517361111,0,0.4965277778
2013,4,15,26.4009375,155.2847222222,81.9347222222,0,0.5267361111
2013,4,16,26.8740972222,229.3020833333,76.7107638889,0,0.6413194444
2013,4,17,26.2976388889,222.2118055556,73.6826388889,0,0.2649305556
2013,4,18,24.8114583333,152.9861111111,75.2305555556,0,0.0104166667
2013,4,19,25.8685763889,207.3576388889,73.64375,0,0.0486111111
2013,4,20,24.98625,171.0972222222,72.0701388889,0,0.0878472222
2013,4,21,26.3810069444,191.8715277778,70.7743055556,0,0.0256944444
2013,4,22,27.9279513889,176.2291666667,72.0881944444,0,0.1222222222
2013,4,23,27.1806944444,179.3090277778,70.7895833333,0,0.5625
2013,4,24,25.7974652778,155.1076388889,75.7927083333,0.0020833333,0.1486111111
2013,4,25,24.7519791667,111.7256944444,82.6996527778,0.0034722222,0.0184027778
2013,4,26,27.2455902778,200.7152777778,72.7184027778,0,0.0201388889
2013,4,27,27.1742708333,171.9513888889,75.5020833333,0.0111111111,0.0631944444
2013,4,28,28.1834722222,178.8472222222,75.3684027778,0,0.0104166667
2013,4,29,29.2274652778,205.8506944444,71.7225694444,0,0.0222222222
2013,4,30,28.7899652778,200.6388888889,65.965625,0,0.0152777778
2013,5,1,29.1901041667,189.8472222222,67.0097222222,0,0.0444444444
2013,5,2,29.7556597222,192.8958333333,62.8572916667,0,0.0409722222
2013,5,3,29.3919097222,205.0069444444,61.2673611111,0,0.2409722222
2013,5,4,29.0526041667,194.6701388889,61.0302083333,0,0.2149305556
2013,5,5,27.7377430556,194.5069444444,67.1847222222,0,0.4013888889
2013,5,6,24.0031944444,100.1493055556,84.8239583333,0,0.7135416667
2013,5,7,24.2790972222,179.4409722222,75.8888888889,0,0.5885416667
2013,5,8,23.6116666667,184.6076388889,66.4541666667,0,0.0753472222
2013,5,9,25.8391319444,200.2118055556,66.8395833333,0,0.0166666667
2013,5,10,27.6957291667,191.7048611111,61.4642361111,0,0.0336805556
2013,5,11,28.6036458333,172.2013888889,64.4746527778,0,0.0975694444
2013,5,12,28.8131597222,158.8125,69.3986111111,0,0.0840277778
2013,5,13,29.5369097222,187.6423611111,64.3861111111,0,0.071875
2013,5,14,29.4457291667,162.3333333333,60.7381944444,0,0.0503472222
2013,5,15,29.2088541667,149.7777777778,64.3923611111,0,0.0815972222
2013,5,16,26.6434027778,155.3958333333,76.8395833333,0.08125,0.3336805556
2013,5,17,19.8511805556,79.2604166667,90.3538194444,0.0006944444,0.328125
2013,5,18,21.8380555556,76.8229166667,90.3951388889,0,0.0552083333
2013,5,19,26.6840625,179.7881944444,80.115625,0.0208333333,0.0295138889
2013,5,20,27.4131944444,158.8263888889,79.4260416667,0,0.0434027778
2013,5,21,24.8529861111,135.7986111111,88.0489583333,0,0.2493055556
2013,5,22,25.0637847222,177.5659722222,82.8954861111,0,0.2680555556
2013,5,23,24.2914236111,106.9930555556,82.7979166667,0,0.1135416667
2013,5,24,23.9607638889,113.9756944444,83.1802083333,0,0.2107638889
2013,5,25,22.5058680556,99.0729166667,83.6625,0,0.0708333333
2013,5,26,25.6728125,176.5590277778,76.8572916667,0,0.0243055556
2013,5,27,28.161875,187.5451388889,68.0850694444,0,0.0649305556
2013,5,28,29.179375,173.7777777778,66.3506944444,0,0.7246527778
2013,5,29,29.2804861111,163.0173611111,66.2173611111,0,1.0336805556
2013,5,30,25.3754513889,100.9861111111,80.8770833333,0.0020833333,0.2916666667
2013,5,31,25.5022569444,106.3194444444,80.7152777778,0,0.1725694444
2013,6,1,26.3755555556,126.7951388889,82.1326388889,0.0173611111,0.0538194444
2013,6,2,26.6387847222,150.1319444444,80.9399305556,0.0166666667,0.2010416667
2013,6,3,23.9521180556,151.4826388889,83.5222222222,0.0326388889,0.2444444444
2013,6,4,24.9320833333,188.0104166667,80.009375,0,0.0763888889
2013,6,5,26.7244097222,178.3993055556,74.9798611111,0,0.0076388889
2013,6,6,27.6339930556,175.0625,72.1232638889,0,0.0291666667
2013,6,7,27.7669444444,178.0555555556,72.2725694444,0,0.0166666667
2013,6,8,27.8998958333,179.9097222222,71.3256944444,0,0.0975694444
2013,6,9,28.4538194444,173.6111111111,66.2253472222,0,0.0916666667
2013,6,10,28.0260416667,164.9513888889,68.0121527778,0,0.23125
2013,6,11,26.625,133.7430555556,75.5690972222,0,0.1847222222
2013,6,12,27.5882638889,177.3368055556,71.4100694444,0,0.0232638889
2013,6,13,28.160625,170.2604166667,69.6868055556,0,0.01875
2013,6,14,28.0313194444,160.0486111111,67.4138888889,0,0.0048611111
2013,6,15,27.8719444444,173.1597222222,64.1583333333,0,0.0291666667
2013,6,16,28.134375,174.6666666667,61.9274305556,0,0.1940972222
2013,6,17,28.5171875,176.1527777778,63.2951388889,0,0.1166666667
2013,6,18,28.775,170.8229166667,63.1465277778,0,0.1038194444
2013,6,19,28.9657638889,169.5416666667,62.7923611111,0,0.1059027778
2013,6,20,26.8924652778,157.6944444444,79.6552083333,0,0.2145833333
2013,6,21,24.3537847222,112.5138888889,85.0586805556,0,0.2788194444
2013,6,22,23.5680902778,130.5868055556,84.4576388889,0.0013888889,0.0260416667
2013,6,23,27.4372916667,144.7083333333,73.3697916667,0,0.0048611111
2013,6,24,28.9222569444,163.9895833333,69.29375,0,0.0274305556
2013,6,25,25.3447916667,119.4861111111,82.7645833333,0,0.0180555556
2013,6,26,24.3979166667,111.0625,86.9,0.0402777778,0.2045138889
2013,6,27,24.7075694444,127.1493055556,87.7770833333,0.0006944444,0.0034722222
2013,6,28,28.0804861111,180.6215277778,72.6267361111,0,0.0631944444
2013,6,29,28.8222222222,171.8645833333,62.1267361111,0,0.0892361111
2013,6,30,28.2888194444,176.2916666667,65.2767361111,0,0.0253472222
2013,7,1,24.9786805556,83.8958333333,85.2222222222,0.0076388889,0.1340277778
2013,7,2,23.4107986111,76.7604166667,86.7104166667,0,0.1256944444
2013,7,3,26.3131944444,158.21875,74.3951388889,0,0.0288194444
2013,7,4,27.9152083333,178.1597222222,60.0538194444,0,0.140625
2013,7,5,27.6885069444,182.8645833333,57.0559027778,0,0.0791666667
2013,7,6,27.8507291667,192.1736111111,57.9277777778,0,0.1128472222
2013,7,7,27.8787847222,154.6354166667,57.7076388889,0,0.01875
2013,7,8,27.3278472222,186.65625,63.2326388889,0,0.3510416667
2013,7,9,24.7351041667,175.3958333333,74.5197916667,0,0.2430555556
2013,7,10,26.6563541667,175.3020833333,64.9263888889,0,0
2013,7,11,27.8919097222,165.9652777778,56.0385416667,0,0.0236111111
2013,7,12,27.5216319444,181.6388888889,53.3760416667,0,0.0104166667
2013,7,13,27.3161805556,185.4618055556,53.9795138889,0,0.0288194444
2013,7,14,27.7084722222,185.0034722222,53.8427083333,0,0.0034722222
2013,7,15,27.6539583333,182.2118055556,56.0993055556,0,0.0194444444
2013,7,16,27.4067361111,186.6666666667,57.8774305556,0,0.0076388889
2013,7,17,27.9105555556,186.6666666667,55.4034722222,0,0.0125
2013,7,18,28.8733680556,147.6840277778,54.6892361111,0,0.1079861111
2013,7,19,28.1645138889,144.7430555556,68.8715277778,0.0048611111,0.0291666667
2013,7,20,29.1860416667,166.3402777778,63.8048611111,0,0.2784722222
2013,7,21,29.0811805556,188.7430555556,59.3784722222,0,0.4944444444
2013,7,22,16.4384027778,40.5694444444,84.1416666667,0,0.6861111111
2013,7,23,11.7961458333,49.0729166667,83.8975694444,0.0013888889,1.1239583333
2013,7,24,14.5898958333,183.8611111111,63.8729166667,0,0.4256944444
2013,7,25,16.7201736111,196.9270833333,50.8899305556,0,0.209375
2013,7,26,20.5296527778,195.0729166667,46.7354166667,0,0.0006944444
2013,7,27,25.2279513889,194.2465277778,53.1010416667,0,0.0006944444
2013,7,28,26.6956944444,199.4722222222,51.9954861111,0,0.0267361111
2013,7,29,25.9413541667,203.0694444444,46.7805555556,0,0.0114583333
2013,7,30,25.9123611111,203.6493055556,43.2805555556,0,0.0027777778
2013,7,31,26.352752809,282.4943820225,49.1662921348,0,0.158988764
2013,10,26,37.2238095238,-999,41.5523809524,0,1.2761904762
2013,10,29,36.36,-999,50.8,0,0
2013,10,31,32.7954545455,722.5454545455,57.2,0,0.6
2014,2,15,27.4083615819,204.4293785311,84.218079096,0.0994350282,0.4824858757
2014,2,16,26.4168055556,155.2152777778,90.8111111111,0.0784722222,0.2493055556
2014,2,17,26.1071180556,122.2604166667,92.8607638889,0.0520833333,0.3246527778
2014,2,18,26.1232638889,131.7430555556,90.0149305556,0.0104166667,0.5232638889
2014,2,19,25.5834027778,113.3611111111,92.4190972222,0.0138888889,0.3555555556
2014,2,20,25.5666666667,130.2118055556,89.48125,0.0375,0.5506944444
2014,2,21,26.7080902778,175.5034722222,83.9611111111,0.0208333333,0.5993055556
2014,2,22,24.7986458333,110.9930555556,93.809375,0.1895833333,0.2802083333
2014,2,23,24.0239236111,60.9409722222,94.7350694444,0.03125,0.4180555556
2014,2,24,25.9714236111,153.3784722222,85.1145833333,0,0.6715277778
2014,2,25,27.4654166667,181.9375,81.5381944444,0.0027777778,0.2170138889
2014,2,26,27.0902083333,171.0138888889,82.7930555556,0.1472222222,0.2586805556
2014,2,27,26.7479861111,191.8506944444,88.334375,0.0736111111,0.3149305556
2014,2,28,27.1560416667,179.8576388889,83.6517361111,0.0347222222,0.2527777778
2014,3,1,25.7324305556,104.3784722222,89.3163194444,0.0006944444,0.2440972222
2014,3,2,28.1979861111,216.0416666667,80.8892361111,0.0006944444,0.2680555556
2014,3,3,28.6582986111,190.9305555556,80.4607638889,0,0.6420138889
2014,3,4,28.9054513889,232.0763888889,77.5704861111,0.0895833333,0.6815972222
2014,3,5,26.9611805556,174.8090277778,86.3267361111,0.1333333333,0.3142361111
2014,3,6,28.6114930556,187.4270833333,77.4652777778,0,0.4222222222
2014,3,7,28.3077777778,179.9548611111,79.9756944444,0,0.7493055556
2014,3,8,28.8248611111,226.3090277778,78.1975694444,0,0.4989583333
2014,3,9,29.8286805556,239.3819444444,73.2788194444,0,0.8482638889
2014,3,10,28.7894444444,200.4930555556,76.8590277778,0.0027777778,0.8256944444
2014,3,11,27.9246180556,191.4340277778,78.6590277778,0,0.9354166667
2014,3,12,28.0380902778,230.4027777778,76.3489583333,0.0194444444,0.8180555556
2014,3,13,26.8122916667,204.7881944444,84.9680555556,0.1680555556,0.4493055556
2014,3,14,28.6892361111,212.1423611111,76.6440972222,0.0006944444,0.4354166667
2014,3,15,28.3899652778,217.4270833333,76.1572916667,0,0.7107638889
2014,3,16,28.03,248.8055555556,74.2770833333,0.0027777778,0.5329861111
2014,3,17,29.6634027778,228.7951388889,69.3295138889,0.0256944444,0.4232638889
2014,3,18,28.9059027778,213.3958333333,73.1614583333,0.0333333333,0.4604166667
2014,3,19,28.380625,201.4131944444,78.3673611111,0.0506944444,0.4263888889
2014,3,20,27.1915972222,161.3854166667,84.9520833333,0.0305555556,0.240625
2014,3,21,27.6826736111,224.84375,83.3663194444,0.0055555556,0.4961805556
2014,3,22,26.6598958333,151.0763888889,86.7954861111,0.1756944444,0.5708333333
2014,3,23,26.3874305556,160.0243055556,85.0472222222,0,0.2871527778
2014,3,24,26.4469097222,145.6111111111,87.5010416667,0.00625,0.2815972222
2014,3,25,27.1264930556,178.3263888889,84.4135416667,0,0.5038194444
2014,3,26,27.1378125,164.8611111111,83.1763888889,0,0.5854166667
2014,3,27,25.7355902778,113.0555555556,86.0763888889,0.01875,0.4642361111
2014,3,28,27.1514236111,186.7222222222,80.121875,0.0006944444,0.7864583333
2014,3,29,27.6894444444,164.2986111111,77.3684027778,0,1.0805555556
2014,3,30,25.7237152778,113.2916666667,89.1135416667,0.0604166667,0.6569444444
2014,3,31,27.5663541667,162.1805555556,81.4649305556,0.0027777778,0.3333333333
2014,4,1,26.526875,124.0451388889,88.5298611111,0.0319444444,0.2239583333
2014,4,2,27.4527083333,194.5347222222,87.2065972222,0.0451388889,0.2142361111
2014,4,3,27.6732638889,221.3715277778,85.0336805556,0.1222222222,0.4215277778
2014,4,4,28.8076388889,216.2569444444,75.7427083333,0,0.2732638889
2014,4,5,28.4467013889,152.7673611111,81.5104166667,0.03125,0.2076388889
2014,4,6,28.1387313433,184.4328358209,80.6589552239,0,0.1037313433
2014,4,30,25.6766666667,1,62.1888888889,0,0.2333333333
2014,5,1,27.9278819444,192.0173611111,65.1472222222,0,0.5552083333
2014,5,2,28.1564236111,178.2118055556,70.9256944444,0,0.3295138889
2014,5,3,28.8182291667,203.0381944444,66.7576388889,0,0.1204861111
2014,5,4,28.9367708333,193.4479166667,65.7100694444,0,0.1854166667
2014,5,5,29.4859375,179.7569444444,68.7149305556,0,0.0809027778
2014,5,6,26.0308680556,133.1979166667,81.1392361111,0.1652777778,0.4777777778
2014,5,7,25.2498263889,139.3472222222,85.7482638889,0,0.1506944444
2014,5,8,25.8963194444,119.7534722222,86.6336805556,0,0.1350694444
2014,5,9,26.2328125,158.4618055556,83.6638888889,0,0.4326388889
2014,5,10,26.9742708333,192.2291666667,75.3368055556,0,0.4357638889
2014,5,11,26.7335763889,175.8576388889,74.25,0,0.26875
2014,5,12,27.9643402778,174.8402777778,72.9,0,0.2055555556
2014,5,13,28.2459722222,159.6666666667,71.6378472222,0,0.7576388889
2014,5,14,26.5361458333,134.7256944444,84.6760416667,0.0097222222,0.3284722222
2014,5,15,27.93625,132.7326388889,80.0697916667,0,0.1010416667
2014,5,16,27.5078472222,148.6666666667,78.6996527778,0.00625,0.1767361111
2014,5,17,25.0988194444,111.3923611111,85.9913194444,0,0.2677083333
2014,5,18,26.7577777778,149.2951388889,82.5010416667,0,0.2684027778
2014,5,19,26.9196527778,135.5590277778,80.9996527778,0,0.1760416667
2014,5,20,27.9963541667,139.2048611111,77.4215277778,0,0.0649305556
2014,5,21,29.4265625,158.9548611111,69.6694444444,0,0.6541666667
2014,5,22,28.8330208333,141.6527777778,72.3777777778,0.0020833333,0.8170138889
2014,5,23,20.3012152778,54.0243055556,94.4479166667,0.1034722222,0.48125
2014,5,24,16.9165277778,66.2152777778,90.6291666667,0.0006944444,0.5263888889
2014,5,25,19.7270486111,110.2222222222,89.4802083333,0,0.2010416667
2014,5,26,20.2147222222,81.7256944444,89.6204861111,0,0.3854166667
2014,5,27,20.5882638889,182.5902777778,80.0128472222,0,0.3208333333
2014,5,28,21.5009375,180.2291666667,79.1940972222,0,0.1940972222
2014,5,29,24.6865625,177.8888888889,76.1951388889,0,0.034375
2014,5,30,27.2164930556,181.9965277778,66.0802083333,0,0.2090277778
2014,5,31,27.3886111111,180.4583333333,63.5555555556,0,0.2496527778
2014,6,1,25.0525,88.4166666667,85.7472222222,0.0423611111,0.19375
2014,6,2,22.1989930556,58.3784722222,93.7875,0.0069444444,0.046875
2014,6,3,24.7531944444,105.3159722222,87.0461805556,0,0.0118055556
2014,6,4,27.8514583333,164.0763888889,76.0208333333,0,0.3895833333
2014,6,5,29.4076388889,167.7638888889,67.2961805556,0,0.8225694444
2014,6,6,29.7854513889,174.5138888889,63.9975694444,0,0.8416666667
2014,6,7,29.4298958333,172.7222222222,62.3229166667,0,1.1270833333
2014,6,8,29.1577083333,168.7326388889,61.3427083333,0,0.3069444444
2014,6,9,27.4261805556,125.78125,78.5222222222,0,0.1524305556
2014,6,10,27.9126041667,166.5069444444,77.5996527778,0,0.2083333333
2014,6,11,28.5117361111,170.5277777778,65.796875,0,0.2791666667
2014,6,12,28.9133333333,164.9201388889,60.6513888889,0,0.4079861111
2014,6,13,28.6978819444,156.5694444444,62.2055555556,0,0.1416666667
2014,6,14,26.3204861111,170.2256944444,73.0475694444,0,0.5493055556
2014,6,15,22.4405208333,92.625,87.9934027778,0,0.3229166667
2014,6,16,23.8795138889,141.1875,84.3138888889,0,0.2451388889
2014,6,17,24.2518055556,113.2395833333,86.25625,0,0.0614583333
2014,6,18,26.3625,170.9375,77.725,0,0.1958333333
2014,6,19,24.9020138889,134.9652777778,80.1770833333,0,0.4392361111
2014,6,20,22.4653819444,101.3194444444,86.0815972222,0,0.1246527778
2014,6,21,24.9436111111,157.0520833333,79.9614583333,0,0.0152777778
2014,6,22,27.7792708333,151.2291666667,65.7732638889,0,0.1958333333
2014,6,23,28.0748958333,159.1423611111,59.5329861111,0,0.3138888889
2014,6,24,27.4139583333,172.2638888889,58.7388888889,0,0.1850694444
2014,6,25,26.7586805556,173.1076388889,62.6611111111,0,0.2038194444
2014,6,26,27.8113194444,166.1631944444,64.3267361111,0,0.1545138889
2014,6,27,27.4698263889,172.2118055556,66.5184027778,0,0.440625
2014,6,28,18.5059722222,80.4618055556,85.1135416667,0.0013888889,1.2510416667
2014,6,29,16.55375,46.7638888889,85.4642361111,0,0.571875
2014,6,30,20.3514583333,136.28125,78.2267361111,0,0.0409722222
2014,7,1,24.4410416667,175.5972222222,69.1121527778,0,0.0583333333
2014,7,2,25.9884375,175.0381944444,64.5805555556,0,0.19375
2014,7,3,27.1484722222,172.7986111111,60.7586805556,0,0.175
2014,7,4,27.5699305556,162.9409722222,56.6420138889,0,0.0760416667
2014,7,5,28.1784027778,177.9826388889,48.0847222222,0,0.3725694444
2014,7,6,28.1771180556,174.7604166667,53.2895833333,0,0.2149305556
2014,7,7,21.8535069444,62.5277777778,85.9451388889,0,0.3149305556
2014,7,8,20.9925,69.6354166667,87.4552083333,0,0.0916666667
2014,7,9,21.8325347222,122.5555555556,85.0291666667,0,0.1118055556
2014,7,10,21.3350347222,93.9201388889,87.9875,0,0.1538194444
2014,7,11,23.0698263889,135.3888888889,83.1152777778,0,0.0579861111
2014,7,12,25.7890277778,170.2534722222,74.4413194444,0,0.0055555556
2014,7,13,27.6433333333,173.7673611111,62.2097222222,0,0.0652777778
2014,7,14,27.2690625,179.8645833333,55.2253472222,0,0.05625
2014,7,15,27.4525,169.2395833333,55.884375,0,0.2322916667
2014,7,16,28.2441666667,173.7847222222,57.4913194444,0,0.1732638889
2014,7,17,28.5521180556,172.2534722222,55.3309027778,0,0.2447916667
2014,7,18,24.5488541667,115.5173611111,74.7576388889,0,0.4298611111
2014,7,19,21.7265277778,61.4722222222,85.8649305556,0,0.2572916667
2014,7,20,24.6686111111,167.3680555556,75.6388888889,0,0.0104166667
2014,7,21,27.4951388889,175.8472222222,62.1791666667,0,0.1631944444
2014,7,22,29.4840972222,167.9583333333,51.9729166667,0,0.4774305556
2014,7,23,28.1194444444,137.71875,63.9420138889,0.06875,1.0611111111
2014,7,24,18.1018402778,27.7465277778,94.9850694444,0.05,0.7770833333
2014,7,25,15.0855208333,33.7604166667,97.503125,0.0145833333,0.0538194444
2014,7,26,18.1718055556,94.6180555556,93.328125,0.0006944444,0.1534722222
2014,7,27,19.0496875,72.1875,94.7020833333,0.0006944444,0.1357638889
2014,7,28,22.3657638889,127.25,88.0527777778,0.0006944444,0.0690972222
2014,7,29,26.2960069444,188.7881944444,72.9923611111,0,0.0475694444
2014,7,30,27.7288888889,184.0208333333,66.3371527778,0,0.0444444444
2014,7,31,28.4413541667,186.6701388889,59.2864583333,0,0.0555555556
2014,8,1,28.5525347222,194.0972222222,52.6010416667,0,0.1017361111
2014,8,2,28.3022916667,189.6354166667,51.4972222222,0,0.0454861111
2014,8,3,28.3603472222,195.3194444444,49.1402777778,0,0.1826388889
2014,8,4,29.31875,193.6493055556,50.1552083333,0,0.0614583333
2014,8,5,27.9710069444,193.6701388889,58.2631944444,0,0.2225694444
2014,8,6,28.8948958333,190.9895833333,57.7739583333,0,0.0583333333
2014,8,7,29.2771875,178.4930555556,53.8145833333,0,0.0618055556
2014,8,8,24.7619444444,168.2881944444,75.3763888889,0,0.6767361111
2014,8,9,23.0865625,163.3333333333,73.6836805556,0,0.1204861111
2014,8,10,27.0946875,190.0659722222,60.8600694444,0,0.1302083333
2014,8,11,29.5052430556,182.3819444444,51.4118055556,0,0.1083333333
2014,8,12,29.7199652778,194.1215277778,51.3631944444,0,0.103125
2014,8,13,24.6345486111,148.4375,70.9399305556,0,1.4604166667
2014,8,14,20.5790277778,149.0868055556,75.1079861111,0,0.5885416667
2014,8,15,25.5513888889,195.3368055556,68.696875,0,0.109375
2014,8,16,28.4729513889,200.0729166667,57.0854166667,0,0.0600694444
2014,8,17,28.7000694444,201.5208333333,50.1211805556,0,0.15
2014,8,18,28.7568402778,197.0381944444,50.996875,0,0.1288194444
2014,8,19,28.9853472222,204.6284722222,52.5184027778,0,0.2236111111
2014,8,20,29.8298611111,203.4131944444,48.2743055556,0,0.0875
2014,8,21,30.5830902778,180.03125,45.4270833333,0,0.1958333333
2014,8,22,31.4072916667,189.1840277778,41.2409722222,0,0.1690972222
2014,8,23,30.8321180556,203.8541666667,40.2545138889,0,0.2274305556
2014,8,24,30.7252777778,203.9236111111,40.13125,0,0.2465277778
2014,8,25,31.2747916667,168.8090277778,42.5746527778,0,0.1628472222
2014,8,26,26.2165277778,188.6215277778,66.9961805556,0,1.3541666667
2014,8,27,23.3710069444,194.5659722222,56.4649305556,0,0.7798611111
2014,8,28,26.4272569444,189.9930555556,54.5520833333,0,0.1361111111
2014,8,29,29.4791666667,190.4201388889,54.2791666667,0,0.1111111111
2014,8,30,31.131875,177.9652777778,50.7725694444,0,0.0534722222
2014,8,31,30.6819791667,126.7916666667,54.9631944444,0,0.1722222222
2014,9,1,31.6210763889,192.2777777778,54.5006944444,0.0416666667,0.2548611111
2014,9,2,32.5352083333,202.8472222222,50.2590277778,0,0.7350694444
2014,9,3,31.6053819444,185.8506944444,53.153125,0,0.5267361111
2014,9,4,24.263125,29.6111111111,84.8045138889,0.0180555556,0.1788194444
2014,9,5,29.2245833333,212.3159722222,69.3517361111,0,0.0850694444
2014,9,6,30.6151041667,194.3368055556,60.3861111111,0,0.3114583333
2014,9,7,31.2674652778,215.4201388889,54.7173611111,0,0.5954861111
2014,9,8,31.4556597222,208.1284722222,53.1621527778,0,0.3430555556
2014,9,9,31.7199305556,232.7569444444,39.5020833333,0,0.3006944444
2014,9,10,30.4836986301,237.4726027397,35.9691780822,0,0.3890410959
